Country,Emissions
Albania,16.3294572768106
Algeria,185.585911156755
Andorra,4.33046712031918
Angola,69.4583259141536
Antigua and Barbuda,10.0668031707764
Argentina,5.08422314270496
Armenia,73.7239393343877
Aruba,6.221695036801029
Australia,49.1791968842106
Austria,2.6540379249411
Azerbaijan,14.8106365047586
Bahamas,5.632530157953121
Bahrain,6.90771144004825
Bangladesh,90.8595828962753
Barbados,8.3528353219085
Belarus,27.5458066266257
Belgium,3.82355102052264
Belize,28.8414486547838
Benin,153.858813092361
Bermuda,1.57228037819307
Bolivia,18.2562342935171
Bosnia and Herzegovina,47.0385332827648
Botswana,18.0324860573285
Brazil,168.409896046738
Brunei Darussalam,5.9727395991694
Bulgaria,9.16785098275005
Burkina Faso,232.82527603752598
Burundi,728.172733097125
Cabo Verde,44.8138556502047
Cambodia,89.960418043197
Cameroon,114.840273158523
Canada,25.430992072794
Central African Republic,406.441521256753
Chad,196.506855749325
Chile,287.87961972124
China,581.121885138187
Colombia,1.78204006671866
Comoros,122.497769430645
Democratic Republic of the Congo,25.59284947
Republic of the Congo,25.5928494679982
Costa Rica,13.7199455683746
Ivory Coast,83.5058652672472
Croatia,11.3940703768064
Curacao,9.47900060415101
Cyprus,2.86990768625446
Czech Republic,7.62161850435182
Denmark,2.94350092309705
Djibouti,64.0565878785724
Dominica,20.4883003454368
Dominican Republic,21.2006503391453
Ecuador,18.5566652204367
Egypt,36.0768110188651
El Salvador,41.4603097688847
Equatorial Guinea,24.9024802168472
Estonia,7.65979324183686
Eswatini,48.8830509039759
Ethiopia,228.568727635746
Faroe Islands,2.88067601899665
Fiji,32.1514616320241
Finland,1.97973272205856
France,4.46914308810104
French Polynesia,8.73198865497824
Gabon,24.4303918496685
Gambia,250.10011878861
Georgia,16.6407819732885
Germany,3.59032410697209
Ghana,84.5209638821572
Greece,5.38504315427242
Grenada,18.3759274195424
Guatemala,39.0618114632192
Guinea,937.398533741169
Guinea-Bissau,221.743198171834
Guyana,22.2762009164779
Haiti,117.709144858947
Honduras,69.8516212534385
Hungary,10.6614836473566
Iceland,2.59621030083107
India,803.582915137901
Indonesia,232.765034574356
Iran,384.17781378694104
Iraq,35.4267719845008
Ireland,2.16280207805688
Israel,4.06604370599533
Italy,5.26281749768767
Jamaica,37.99538593363361
Japan,4.91426857498007
Jordan,43.4713416229547
Kazakhstan,430.70345566396
Kenya,77.456410397512
Kiribati,94.19498868916058
South Korea,2.63043709941351
Kosovo,39.5338901522852
Kuwait,5.845867157531379
Kyrgyzstan,67.0412658622582
Laos,85.3347160972291
Latvia,10.4202949553833
Lesotho,176.03682982253096
Liberia,310.803219927405
Libya,25.2218862877564
Lithuania,9.13325950332598
Luxembourg,1.52760165231758
Madagascar,374.500375223535
Malawi,332.892785253266
Malaysia,12.193897229132
Maldives,17.2566874656639
Mali,188.539208691465
Malta,5.518189437500459
Marshall Islands,34.586385250348194
Mauritania,291.713538619999
Mauritius,17.334897098334
Mexico,65.1233101013992
"Micronesia, Fed. Sts.",52.8280569725588
Moldova,42.9502485389721
Monaco,0.911492067620357
Mongolia,110.764533642829
Montenegro,20.58939162
Morocco,12.3895325609562
Mozambique,328.210179023933
Myanmar,416.869043880216
Namibia,20.0420725298704
Nauru,16.6127683039703
Nepal,159.367449502504
Netherlands,3.33956373193047
New Caledonia,5.56187610404576
New Zealand,2.57991857220686
Nicaragua,82.7399603045748
Niger,316.283877708019
Nigeria,54.6165152678036
North Macedonia,18.9353287827415
Norway,1.84449968325582
Oman,8.95031169770458
Pakistan,26.2276454127233
Palau,11.877990225679598
Panama,28.1639382377433
Papua New Guinea,97.543255765789
Paraguay,30.1544986659626
Peru,215.127709714094
Philippines,36.0558763447509
Poland,13.0008179124826
Portugal,3.9420456821164
Puerto Rico (US),5.62968051134219
Qatar,2.63498747916421
Romania,8.81346786502304
Russia,393.465648351584
Rwanda,221.081717871403
Samoa,42.24186975
San Marino,3.76053641707067
Sao Tome and Principe,93.4748822319461
Saudi Arabia,2.91002509107908
Senegal,124.33159891385
Republic of Serbia,15.9556918933463
Seychelles,10.9218171941417
Sierra Leone,207.696585771342
Singapore,2.63014057429462
Sint Maarten (Dutch part),5.1922566042529
Slovak Republic,9.14162423788895
Slovenia,6.9935003531838
Solomon Islands,87.7404694176636
Somalia,347.256540913609
South Africa,135.547368272406
Spain,5.14021677340095
Sri Lanka,44.9664769631653
St. Kitts and Nevis,8.54466784613456
St. Lucia,16.1432111705656
St. Vincent and the Grenadines,20.9406150746159
Sudan,216.355405645609
Suriname,30.2990267025294
Sweden,4.63969023677599
Switzerland,2.04453849263395
Tajikistan,196.333218203773
United Republic of Tanzania,173.664411942276
Thailand,19.5445246735707
Timor-Leste,123.27968247341
Togo,122.769818678557
Trinidad and Tobago,10.139500535473
Tunisia,48.4334735802679
Turkey,32.3236537851499
Turkmenistan,30.383201087339298
Turks and Caicos Islands,6.088652752257409
Uganda,130.858167982711
Ukraine,332.324863277665
United Arab Emirates,4.00190675812726
United Kingdom,4.04658000284734
USA,25.168055762009
Uruguay,5.6611818851125895
Uzbekistan,152.806981464397
Vanuatu,57.5152533065568
Venezuela,37.1270883201794
Vietnam,35.9613464669269
West Bank and Gaza,53.6875108122086
Zambia,522.728631796907
Zimbabwe,50.8145297374088
North Korea,0